Date,LogReturn
2018-01-03,-1.0285830962693707
2018-01-04,-0.8324530558682127
2018-01-05,0.6210416017176824
2018-01-08,6.075470238170342
2018-01-09,-0.8118245093933887
2018-01-10,0.3320893638202626
2018-01-11,0.9364661080734739
2018-01-12,-0.5132257768969449
2018-01-16,1.135638767539583
2018-01-17,2.066361394773987
2018-01-18,-0.7488501129632502
2018-01-19,1.5693090065018587
2018-01-22,0.4390024536005943
2018-01-23,0.349261668007839
2018-01-24,-1.975213430064165
2018-01-25,-2.414061666578032
2018-01-26,1.5312820217281293
2018-01-29,1.9296367584641105
2018-01-30,-1.067099478570611
2018-01-31,2.4253827172148545
2018-02-01,-1.4384252958894272
2018-02-02,-1.5873271824704642
2018-02-05,-3.1381851268344674
2018-02-06,0.2518353306341375
2018-02-07,3.2493210526077796
2018-02-08,-9.024189341458241
2018-02-09,-1.5376248848248275
2018-02-12,1.6961202165830975
2018-02-13,2.4806110575996825
2018-02-14,-0.4179773833776598
2018-02-15,3.583675439422329
2018-02-16,0.4241546843597737
2018-02-20,-0.21483504963464925
2018-02-21,-0.44008100064994865
2018-02-22,3.788699111449636
2018-02-23,1.6843236182783696
2018-02-26,1.5138342018226796
2018-02-27,-1.8153845689605117
2018-02-28,-2.2852326172335675
2018-03-01,-3.599846676634224
2018-03-02,1.2581794044277577
2018-03-05,-0.5295688934635745
2018-03-06,-1.556984990861947
2018-03-07,1.2415049984329452
2018-03-08,-0.96765099931042
2018-03-09,-0.5881795723518265
2018-03-12,5.454171900502215
2018-03-13,-1.0678811790388842
2018-03-14,-4.551475671341542
2018-03-15,-0.3158388052850371
2018-03-16,-1.3138827430316806
2018-03-19,-2.454012238265771
2018-03-20,-0.9645799079847998
2018-03-21,1.9073091713506165
2018-03-22,-2.3753145635010835
2018-03-23,-2.476215748924565
2018-03-26,0.8716983357954529
2018-03-27,-8.576296122040029
2018-03-28,-7.975020560866929
2018-03-29,3.1878440640849597
2018-04-02,-5.265286271087222
2018-04-03,5.78996024580255
2018-04-04,7.004145954947365
2018-04-05,6.33964612779032
2018-04-06,-2.1223211265089486
2018-04-09,-3.2738552591198076
2018-04-10,5.061985415504579
2018-04-11,-1.2450001501353107
2018-04-12,-2.302585434608351
2018-04-13,2.1063340553558363
2018-04-16,-3.08705458622848
2018-04-17,-1.216115336767681
2018-04-18,1.9482988950550415
2018-04-19,2.2682617268948135
2018-04-20,-3.3340946599311443
2018-04-23,-2.395471306776481
2018-04-24,0.031758299621107114
2018-04-25,-0.9820109595590503
2018-04-26,1.6921052271252952
2018-04-27,2.9679886452107596
2018-04-30,-0.06123186992794156
2018-05-01,2.0276271552001206
2018-05-02,0.40927434643586713
2018-05-03,-5.7051054756940385
2018-05-04,3.332840839172635
2018-05-07,2.908759810758175
2018-05-08,-0.2645858763480691
2018-05-09,1.6031414306226814
2018-05-10,-0.5981667768512261
2018-05-11,-1.3067764405920592
2018-05-14,-3.065856848862532
2018-05-15,-2.7043193851452125
2018-05-16,0.8060902728221242
2018-05-17,-0.6794892876662789
2018-05-18,-2.750641104186075
2018-05-21,2.733063584059411
2018-05-22,-3.3890641978487257
2018-05-23,1.46552593259178
2018-05-24,-0.438134008245393
2018-05-25,0.35926511327837146
2018-05-29,1.7454813671737686
2018-05-30,2.7665611046886496
2018-05-31,-2.4253054463058024
2018-06-01,2.4595765346737455
2018-06-04,1.6719212816101785
2018-06-05,-1.9086459534572997
2018-06-06,9.298733807137726
2018-06-07,-1.0730278490089475
2018-06-08,0.4954692435399038
2018-06-11,4.445444887073472
2018-06-12,3.1623579957868575
2018-06-13,0.5846814961109414
2018-06-14,3.6844043828737996
2018-06-15,0.12572053263429783
2018-06-18,3.4735996616623113
2018-06-19,-5.055133619592977
2018-06-20,2.7059386425411525
2018-06-21,-4.145833852996418
2018-06-22,-4.076083263689132
2018-06-25,-0.18601117764972605
2018-06-26,2.6638194808657567
2018-06-27,0.7283408999648192
2018-06-28,1.5639022752901306
2018-06-29,-2.0148496990899356
2018-07-02,-2.324520251387864
2018-07-03,-7.49967408799285
2018-07-05,-0.548377173144179
2018-07-06,-0.08413739443247262
2018-07-09,3.0636287189681717
2018-07-10,1.235623455278624
2018-07-11,-1.0944370832144497
2018-07-12,-0.7079156356632035
2018-07-13,0.6796925091447165
2018-07-16,-2.7888696957791366
2018-07-17,3.979733971876515
2018-07-18,0.3588340997915393
2018-07-19,-1.1240942684509223
2018-07-20,-2.098503581790621
2018-07-23,-3.3661830490984688
2018-07-24,-1.9213739494976159
2018-07-25,3.7320581448582706
2018-07-26,-0.6792485928422634
2018-07-27,-3.136897003681015
2018-07-30,-2.3871031864305166
2018-07-31,2.709614937799272
2018-08-01,0.9015402580141906
2018-08-02,15.003949536936858
2018-08-03,-0.39272225196694804
2018-08-06,-1.7909315280774534
2018-08-07,10.425751987100265
2018-08-08,-2.461753965428242
2018-08-09,-4.951266848117073
2018-08-10,0.8588294353453393
2018-08-13,0.25846878571272414
2018-08-14,-2.4914314053937745
2018-08-15,-2.6082295987135886
2018-08-16,-0.9612303405664177
2018-08-17,-9.352310299855523
2018-08-20,0.9577607495927778
2018-08-21,4.271350329177862
2018-08-22,-0.08079720701797334
2018-08-23,-0.47994694464031623
2018-08-24,0.8461454998839912
2018-08-27,-1.1057797782740284
2018-08-28,-2.34827463444085
2018-08-29,-2.220982005243565
2018-08-30,-0.6116857728366765
2018-08-31,-0.49271513512776194
2018-09-04,-4.30469232692942
2018-09-05,-2.8824659687569287
2018-09-06,0.07477402091871391
2018-09-07,-6.5110515908308075
2018-09-10,8.117582516337455
2018-09-11,-2.145439313778341
2018-09-12,3.8953647795662634
2018-09-13,-0.3724168341779227
2018-09-14,1.9636019543975154
2018-09-17,-0.12202649255036756
2018-09-18,-3.4084013592407656
2018-09-19,4.816167725201549
2018-09-20,-0.2310276436765527
2018-09-21,0.25777618885772796
2018-09-24,0.19372282011314348
2018-09-25,0.4361820224937156
2018-09-26,2.81394744097475
2018-09-27,-0.6676394186811727
2018-09-28,-14.967862356105288
2018-10-01,15.996630906971667
2018-10-02,-3.16510593141639
2018-10-03,-2.0879570125520366
2018-10-04,-4.499307098653701
2018-10-05,-7.315047194650469
2018-10-08,-4.44551930837214
2018-10-09,4.7694871618165156
2018-10-10,-2.2784236524057597
2018-10-11,-1.8267761294738936
2018-10-12,2.5637011844725324
2018-10-15,0.31251224150275825
2018-10-16,6.343279597153639
2018-10-17,-1.7543278006273537
2018-10-18,-2.938483901749577
2018-10-19,-1.4926570471279743
2018-10-22,0.3647307212655036
2018-10-23,11.972696455952777
2018-10-24,-1.9360730257469994
2018-10-25,8.74330286431297
2018-10-26,4.968806290444062
2018-10-29,1.1866497865424763
2018-10-30,-1.489308837906847
2018-10-31,2.224247317806466
2018-11-01,2.0423191772720273
2018-11-02,0.6167773529960309
2018-11-05,-1.456821826868683
2018-11-06,-0.09964070977677932
2018-11-07,2.0603730470361388
2018-11-08,0.9263014594603545
2018-11-09,-0.25359590842054586
2018-11-12,-5.642528101968433
2018-11-13,2.223944401445246
2018-11-14,1.5438256266650938
2018-11-15,1.2824453818193815
2018-11-16,1.6706156871619595
2018-11-19,-0.23736096914838217
2018-11-20,-1.7062716138914933
2018-11-21,-2.712805667626346
2018-11-23,-3.7232068164504986
2018-11-26,6.006303506598446
2018-11-27,-0.6029763419470751
2018-11-28,1.1419815399028825
2018-11-29,-1.9447961848597726
2018-11-30,2.6922749307084133
2018-12-03,2.2597058720560135
2018-12-04,0.3369619807877731
2018-12-06,0.9297797793253366
2018-12-07,-1.4118894034547758
2018-12-10,1.985894986280649
2018-12-11,0.439948817099615
2018-12-12,-0.043631614730297
2018-12-13,2.741664318222263
2018-12-14,-2.984732812793866
2018-12-17,-4.843199610928875
2018-12-18,-3.3236755299702923
2018-12-19,-1.2119527132867662
2018-12-20,-5.427412940561646
2018-12-21,1.3823760225007449
2018-12-24,-7.930549016355178
2018-12-26,9.887683028497694
2018-12-27,-3.101987613917527
2018-12-28,5.459818103140089
2018-12-31,-0.3209968679503924
2019-01-02,-7.058234811465275
2019-01-03,-3.1977589194740155
2019-01-04,5.60942725927254
2019-01-07,5.293512263076508
2019-01-08,0.11635991581888279
2019-01-09,0.9437947481978802
2019-01-10,1.8844716086450743
2019-01-11,0.661637998129815
2019-01-14,-3.7735932883165346
2019-01-15,2.9553003459965645
2019-01-16,0.4692387937454119
2019-01-17,0.3634463829550445
2019-01-18,-13.893012374879603
2019-01-22,-1.1111646346251998
2019-01-23,-3.864010516794837
2019-01-24,1.353846267844261
2019-01-25,1.8792546594666422
2019-01-28,-0.22244266624129588
2019-01-29,0.36373727345903617
2019-01-30,3.7316885392228953
2019-01-31,-0.5683777190272844
2019-02-01,1.6763086556941698
2019-02-04,0.21756781989070909
2019-02-05,2.6679142656293395
2019-02-06,-1.2935246198518717
2019-02-07,-3.1087922181826393
2019-02-08,-0.5576329018938686
2019-02-11,2.2760598713060443
2019-02-12,-0.3297931363925525
2019-02-13,-1.1742429097439224
2019-02-14,-1.438072910139189
2019-02-15,1.3439268798795676
2019-02-19,-0.7302188315000433
2019-02-20,-1.0128258243083121
2019-02-21,-3.8166348352112065
2019-02-22,1.1878507177307875
2019-02-25,1.3682197437311698
2019-02-26,-0.3050487964520813
2019-02-27,5.512343917099952
2019-02-28,1.6198931980320443
2019-03-01,-8.168268383461422
2019-03-04,-3.251165931845648
2019-03-05,-3.1396029219271773
2019-03-06,-0.1085447687041993
2019-03-07,0.12661721837979228
2019-03-08,2.693084728297493
2019-03-11,2.358122311460422
2019-03-12,-2.6330125897717833
2019-03-13,1.957007740939458
2019-03-14,0.3454758260783156
2019-03-15,-5.140953908927528
2019-03-18,-2.180222440473452
2019-03-19,-0.7523861011181039
2019-03-20,2.265977238418918
2019-03-21,0.1533904013606828
2019-03-22,-3.5246480304529997
2019-03-25,-1.5658855019079099
2019-03-26,2.783267714915969
2019-03-27,2.60243331388298
2019-03-28,1.369611080354769
2019-03-29,0.44406173269008603
2019-04-01,3.275989192109375
2019-04-02,-1.1477252828966773
2019-04-03,2.05308104637668
2019-04-04,-8.593722216784855
2019-04-05,2.6459970073128036
2019-04-08,-0.6421561243439995
2019-04-09,-0.3263030302426529
2019-04-10,1.3677110691161831
2019-04-11,-2.80652786610601
2019-04-12,-0.26859862524520167
2019-04-15,-0.4943052898305119
2019-04-16,2.586577977864266
2019-04-17,-0.7822448958816279
2019-04-18,0.7456485905066215
2019-04-22,-3.9220700589321713
2019-04-23,0.43671890047155104
2019-04-24,-2.005575634208413
2019-04-25,-4.357871154598585
2019-04-26,-5.17546577903145
2019-04-29,2.6564156668391887
2019-04-30,-1.1579538159972131
2019-05-01,-1.9801806231266619
2019-05-02,4.22140612366804
2019-05-03,4.38033007844267
2019-05-06,0.12147730661703947
2019-05-07,-3.296477054208545
2019-05-08,-0.9026329942036213
2019-05-09,-1.174982922375762
2019-05-10,-1.0218129749463936
2019-05-13,-5.364288869241072
2019-05-14,2.307862655425734
2019-05-15,-0.15508662931841916
2019-05-16,-1.5729859074043964
2019-05-17,-7.8791602538192365
2019-05-20,-2.723578438615981
2019-05-21,-0.13644301491679894
2019-05-22,-6.210985897149923
2019-05-23,1.4218982156523499
2019-05-24,-2.5174877946532526
2019-05-28,-1.0175940821913054
2019-05-29,0.6128515358594707
2019-05-30,-0.8675443485018194
2019-05-31,-1.6391213145480148
2019-06-03,-3.4002173460743927
2019-06-04,7.857605016172629
2019-06-05,1.53261559057241
2019-06-06,4.6513049897084855
2019-06-07,-0.7065421385722396
2019-06-10,4.0160687930257675
2019-06-11,1.962942455513551
2019-06-12,-3.67805294636728
2019-06-13,2.1977829297588536
2019-06-14,0.4710492177676777
2019-06-17,4.596784633408923
2019-06-18,-0.12895183084361764
2019-06-19,0.7491632206456829
2019-06-20,-3.053709900280504
2019-06-21,1.0147814582239045
2019-06-24,0.7991062700448779
2019-06-25,-1.7501531619481456
2019-06-26,-0.22322282973837632
2019-06-27,1.6150172309638413
2019-06-28,0.27783929288936193
2019-07-01,1.6466221724361079
2019-07-02,-1.1600218839631888
2019-07-03,4.506146454972541
2019-07-05,-0.7692338334116885
2019-07-08,-1.191106882403326
2019-07-09,-0.12163699243967914
2019-07-10,3.778869128614836
2019-07-11,-0.13402808651118303
2019-07-12,2.679618785170417
2019-07-15,3.3779097347802405
2019-07-16,-0.4427953346815866
2019-07-17,0.9778567486270942
2019-07-18,-0.5192847091315009
2019-07-19,1.8135442365715915
2019-07-22,-0.9730316261804304
2019-07-23,1.740861417421435
2019-07-24,1.794158228530698
2019-07-25,-14.634118145360764
2019-07-26,-0.3414618982496043
2019-07-29,3.3335690122837582
2019-07-30,2.7154782268650557
2019-07-31,-0.26867746162287837
2019-08-01,-3.264489345034886
2019-08-02,0.2093199627884857
2019-08-05,-2.6024991318455335
2019-08-06,1.0586762848221487
2019-08-07,1.1504500337383219
2019-08-08,2.0691055468529225
2019-08-09,-1.3902398156972824
2019-08-12,-2.586237186518299
2019-08-13,2.5819883534249697
2019-08-14,-6.768680255284284
2019-08-15,-1.8288353171501865
2019-08-16,1.9744444624820006
2019-08-19,3.0845997748934404
2019-08-20,-0.4285505421123528
2019-08-21,-2.252213263296988
2019-08-22,0.5959674684834935
2019-08-23,-4.960079059483937
2019-08-26,1.688593882877696
2019-08-27,-0.42882070919238086
2019-08-28,0.7028701855971562
2019-08-29,2.7991764077430346
2019-08-30,1.743757434314575
2019-09-03,-0.2662996693731353
2019-09-04,-1.9431161296016142
2019-09-05,3.9537858698977644
2019-09-06,-0.9321131822989943
2019-09-09,1.8901418181459655
2019-09-10,1.6048960489895236
2019-09-11,4.791232784694204
2019-09-12,-0.49902167042224327
2019-09-13,-0.2728713996813491
2019-09-16,-0.9795012235959525
2019-09-17,0.8121454351540124
2019-09-18,-0.5324674641613694
2019-09-19,1.2691671904217687
2019-09-20,-2.4548765463603575
2019-09-23,0.2532023019229352
2019-09-24,-7.763784395676024
2019-09-25,2.4298080060291967
2019-09-26,5.8838046284869625
2019-09-27,-0.17743788664326618
2019-09-30,-0.521738026989264
2019-10-01,1.5734771560612624
2019-10-02,-0.6395828716893809
2019-10-03,-4.242918829553246
2019-10-04,-0.6889680536428309
2019-10-07,2.6816005504508236
2019-10-08,0.9753676748550492
2019-10-09,1.8490843294478567
2019-10-10,0.0858418039820759
2019-10-11,1.2788621436352825
2019-10-14,3.593539155955349
2019-10-15,0.36127226196520046
2019-10-16,0.7186524142577059
2019-10-17,0.8510294825121641
2019-10-18,-1.9348511759363376
2019-10-21,-1.351766398714735
2019-10-22,0.8171731125572388
2019-10-23,-0.35276977051313213
2019-10-24,16.27073867407585
2019-10-25,9.069467139827285
2019-10-28,-0.1280794756315601
2019-10-29,-3.569093158335326
2019-10-30,-0.38337382146187404
2019-10-31,-0.028577073587868495
2019-11-01,-0.5125560958197278
2019-11-04,1.319025177829889
2019-11-05,-0.07877741614316515
2019-11-06,2.907933885164876
2019-11-07,2.70662591476696
2019-11-08,0.4757095497984895
2019-11-11,2.3307008242272684
2019-11-12,1.3927860226281246
2019-11-13,-1.0976517536210169
2019-11-14,0.9317706491661899
2019-11-15,0.8039716546772512
2019-11-18,-0.6209469761818026
2019-11-19,2.686525453277175
2019-11-20,-2.0513868869493703
2019-11-21,0.738281231565054
2019-11-22,-6.337614052816848
2019-11-25,0.9859919333317325
2019-11-26,-2.230801073802288
2019-11-27,0.7179607623328356
2019-11-29,-0.408331183446667
2019-12-02,1.4831577778426517
2019-12-03,0.39638352301946106
2019-12-04,-0.9473685044135858
2019-12-05,-0.8019273672589194
2019-12-06,1.6570487479172824
2019-12-09,1.0778479484683796
2019-12-10,2.705113248298345
2019-12-11,1.1004409475391042
2019-12-12,1.959693606267636
2019-12-13,-0.35929070843364
2019-12-16,6.248899060660165
2019-12-17,-0.6600966624869256
2019-12-18,3.6681334404645765
2019-12-19,2.7322730044006103
2019-12-20,0.38288839658321033
2019-12-23,3.3053042637599317
2019-12-24,1.4281404577191001
2019-12-26,1.3291643487755205
2019-12-27,-0.13003685301451115
2019-12-30,-3.71131230011561
2019-12-31,0.8715179630272204
2020-01-02,2.811910133608081
2020-01-03,2.920267893223429
2020-01-06,1.9071612174755246
2020-01-07,3.806670586808656
2020-01-08,4.80325684930669
2020-01-09,-2.2189385476863444
2020-01-10,-0.6649355680979514
2020-01-13,9.320702322102203
2020-01-14,2.4578286172624795
2020-01-15,-3.676981311758122
2020-01-16,-0.9709462276707839
2020-01-17,-0.5839913304383257
2020-01-21,6.942373110021944
2020-01-22,4.004983514491321
2020-01-23,0.4624413044606698
2020-01-24,-1.2981499419033644
2020-01-27,-1.211233185789717
2020-01-28,1.578809278786119
2020-01-29,2.4550664730790914
2020-01-30,9.79995227007793
2020-01-31,1.5115867923964001
2020-02-03,18.144500086765877
2020-02-04,12.86186970285338
2020-02-05,-18.845037343186984
2020-02-06,1.9223358515689692
2020-02-07,-0.11890304222132414
2020-02-10,3.0554904345579814
2020-02-11,0.40112052857509933
2020-02-12,-0.9197828567077743
2020-02-13,4.673438827304484
2020-02-14,-0.49499866629213723
2020-02-18,7.0420916826107405
2020-02-19,6.649517653196184
2020-02-20,-1.9826354777620057
2020-02-21,0.17662480443414094
2020-02-24,-7.752369493467591
2020-02-25,-4.148235797205468
2020-02-26,-2.674494953501698
2020-02-27,-13.71331162906117
2020-02-28,-1.634795032742122
2020-03-02,10.72570247859105
2020-03-03,0.2538385098823229
2020-03-04,0.5337746224066965
2020-03-05,-3.3869376791647294
2020-03-06,-2.9497510135476337
2020-03-09,-14.586457137702016
2020-03-10,5.958692955168337
2020-03-11,-1.735009892797303
2020-03-12,-12.349328402408656
2020-03-13,-2.516454136147571
2020-03-16,-20.552230217550044
2020-03-17,-3.3981345006121106
2020-03-18,-17.476304366003273
2020-03-19,16.879451260286096
2020-03-20,-0.025720668994270134
2020-03-23,1.5688043665694176
2020-03-24,15.084593365171223
2020-03-25,6.562083944686455
2020-03-26,-2.07800386755252
2020-03-27,-2.647580531234854
2020-03-30,-2.4064387275638186
2020-03-31,4.2632638212876826
2020-04-01,-8.446087652228773
2020-04-02,-5.789892100051844
2020-04-03,5.467504939194526
2020-04-06,7.276481895829454
2020-04-07,5.5039394142546865
2020-04-08,0.6195761068727162
2020-04-09,4.307879720740047
2020-04-13,12.754711640906994
2020-04-14,8.66771798728856
2020-04-15,2.770162075738181
2020-04-16,2.085442849363153
2020-04-17,1.1580411041559124
2020-04-20,-1.0038465581097729
2020-04-21,-8.328137479063692
2020-04-22,6.400415510269585
2020-04-23,-3.6839791089286145
2020-04-24,2.7287530988993907
2020-04-27,9.66694577995715
2020-04-28,-3.7801017814305884
2020-04-29,4.000202028093559
2020-04-30,-2.354775998073672
2020-05-01,-10.873700220740792
2020-05-04,8.19187203405193
2020-05-05,0.9180180665024101
2020-05-06,1.8533023597782732
2020-05-07,-0.3250973870209664
2020-05-08,4.925154604829151
2020-05-11,-0.9971196406895206
2020-05-12,-0.23199593370761967
2020-05-13,-2.305818093053759
2020-05-14,1.5518160889563193
2020-05-15,-0.5191880165631997
2020-05-18,1.793204109959487
2020-05-19,-0.69313094591099
2020-05-20,0.9300572413695359
2020-05-21,1.4654934735012084
2020-05-22,-1.3037700356063058
2020-05-26,0.24330819473817386
2020-05-27,0.16594670418678845
2020-05-28,-1.7736751939729611
2020-05-29,3.5583725409644837
2020-06-01,7.284966703702294
2020-06-02,-1.8588326218028313
2020-06-03,0.15867839932886055
2020-06-04,-2.126741082055923
2020-06-05,2.4320646383694
2020-06-08,7.004464847857836
2020-06-09,-0.978535494822059
2020-06-10,8.590431690632503
2020-06-11,-5.227704642782468
2020-06-12,-3.937370329089697
2020-06-15,5.776761532071402
2020-06-16,-0.8889888882897298
2020-06-17,0.9787666254598352
2020-06-18,1.2196058432993926
2020-06-19,-0.3052506049991116
2020-06-22,-0.6595797039905825
2020-06-23,0.7474555771254049
2020-06-24,-4.171541244464825
2020-06-25,2.5817844628587845
2020-06-26,-2.697370050614223
2020-06-29,5.039944763683732
2020-06-30,6.747855280845434
2020-07-01,3.6213124954005624
2020-07-02,7.651403502187115
2020-07-06,12.645108117682744
2020-07-07,1.323965619758905
2020-07-08,-1.7404076436543312
2020-07-09,2.0579243780393908
2020-07-10,10.241918272489341
2020-07-13,-3.1294179797161576
2020-07-14,1.3099686323903579
2020-07-15,1.9074500672006711
2020-07-16,-2.978572748503654
2020-07-17,0.013329605943793581
2020-07-20,9.049888548491703
2020-07-21,-4.6493332015906566
2020-07-22,1.516786071044045
2020-07-23,-5.105769412846362
2020-07-24,-6.559870288489461
2020-07-27,8.298067038819532
2020-07-28,-4.185494718429495
2020-07-29,1.520390470417965
2020-07-30,-0.778145458192838
2020-07-31,-3.8884339639871013
2020-08-03,3.720897247565101
2020-08-04,0.13458747004375454
2020-08-05,-0.13323884879126877
2020-08-06,0.30659693985973363
2020-08-07,-2.5063424630081315
2020-08-10,-2.3781465364230177
2020-08-11,-3.1639347547503585
2020-08-12,12.331118921207427
2020-08-13,4.172205380429948
2020-08-14,1.8162259872136135
2020-08-17,10.618769683979796
2020-08-18,2.764276800974182
2020-08-19,-0.4546378250308005
2020-08-20,6.357221379528211
2020-08-21,2.3768211540485353
2020-08-24,-1.7607920006301416
2020-08-25,0.4527486632740915
2020-08-26,6.21915738853809
2020-08-27,3.8976528733484783
2020-08-28,-1.138789608941323
2020-08-31,11.839534141276628
2020-09-01,-4.782238606695396
2020-09-02,-6.003408428643926
2020-09-03,-9.457279297730441
2020-09-04,2.743348445504921
2020-09-08,-23.65178944576766
2020-09-09,10.366923114657203
2020-09-10,1.3720031040026988
2020-09-11,0.3709375196707332
2020-09-14,11.852211424147725
2020-09-15,6.9364530389043875
2020-09-16,-1.7947393738460666
2020-09-17,-4.237854336559032
2020-09-18,4.326101937694436
2020-09-21,1.6241895082045352
2020-09-22,-5.761528541471742
2020-09-23,-10.915761260898606
2020-09-24,1.9345803747202597
2020-09-25,4.91842305281949
2020-09-28,3.3459528236176777
2020-09-29,-0.506974890260104
2020-09-30,2.344219242304293
2020-10-01,4.367017342293971
2020-10-02,-7.665503512528221
2020-10-05,2.5192518630920655
2020-10-06,-2.787018407731412
2020-10-07,2.6977120398229415
2020-10-08,0.14567215247855486
2020-10-09,1.8793074176697642
2020-10-12,1.8943822515122917
2020-10-13,0.9786884708723409
2020-10-14,3.2273287618783653
2020-10-15,-2.729299577407529
2020-10-16,-2.0731092265373596
2020-10-19,-2.0310891071385613
2020-10-20,-2.0850455371877374
2020-10-21,0.16576578966101715
2020-10-22,0.7425427859397711
2020-10-23,-1.219258008931434
2020-10-26,-0.08324460631960826
2020-10-27,1.0414737676610573
2020-10-28,-4.493353448533056
2020-10-29,1.177707852754995
2020-10-30,-5.707106115006527
2020-11-02,3.1630273380806213
2020-11-03,5.675891678442002
2020-11-04,-0.6912319735337674
2020-11-05,3.983908014025376
2020-11-06,-1.8755444602258167
2020-11-09,-2.0418708541599164
2020-11-10,-2.6215382510501506
2020-11-11,1.6363110813065698
2020-11-12,-1.2957330573612593
2020-11-13,-0.7948653293047676
2020-11-16,-0.10042223136041864
2020-11-17,7.893944622909929
2020-11-18,9.709745318946535
2020-11-19,2.562244194505548
2020-11-20,-1.9537882465358327
2020-11-23,6.377098448424992
2020-11-24,6.227237273665439
2020-11-25,3.297682427747412
2020-11-27,2.028074420821668
2020-11-30,-3.1493184788437203
2020-12-01,2.978456809344785
2020-12-02,-2.7637417933142765
2020-12-03,4.227093212295037
2020-12-04,0.9493325730045684
2020-12-07,6.888605629282201
2020-12-08,1.2573321033348568
2020-12-09,-7.241913725041024
2020-12-10,3.6689587245999773
2020-12-11,-2.7615591895456064
2020-12-14,4.775997018342951
2020-12-15,-1.0337277993335172
2020-12-16,-1.668801318404443
2020-12-17,5.183107739238684
2020-12-18,5.790353852575283
2020-12-21,-6.715493498509615
2020-12-22,-1.475762913420309
2020-12-23,0.876920991536227
2020-12-24,2.4149533626973363
2020-12-28,0.28971067347804913
2020-12-29,0.34595328945029336
2020-12-30,4.232058232357691
2020-12-31,1.5552413007484784
2021-01-04,3.358173995604568
2021-01-05,0.7290726849836653
2021-01-06,2.7994766442436516
2021-01-07,7.644846869014829
2021-01-08,7.548123816080572
2021-01-11,-8.144231364811663
2021-01-12,4.60750033550754
2021-01-13,0.583390055163722
2021-01-14,-1.1074621019438693
2021-01-15,-2.2548164384925737
2021-01-19,2.2015499815695363
2021-01-20,0.6961708841248929
2021-01-21,-0.6440854103183004
2021-01-22,0.19507385857469442
2021-01-25,3.9555086200732434
2021-01-26,0.2596544878530684
2021-01-27,-2.166917467846242
2021-01-28,-3.3811459334112026
2021-01-29,-5.145513370813109
2021-02-01,5.668432585298431
2021-02-02,3.851924269165984
2021-02-03,-2.095611895117204
2021-02-04,-0.5514295631595512
2021-02-05,0.2631883215661463
2021-02-08,1.3044842106937113
2021-02-09,-1.6300455142510475
2021-02-10,-5.398211054651662
2021-02-11,0.8462878423046197
2021-02-12,0.547985901275123
2021-02-16,-2.4685864957400563
2021-02-17,0.24209343993351048
2021-02-18,-1.358555824881115
2021-02-19,-0.7751801260508434
2021-02-22,-8.937612559287707
2021-02-23,-2.2161184525391957
2021-02-24,5.995434797561986
2021-02-25,-8.402401628244045
2021-02-26,-0.9898985904473094
2021-03-01,6.16151066367514
2021-03-02,-4.554943930628858
2021-03-03,-4.963546753524206
2021-03-04,-4.98440101928223
2021-03-05,-3.8532236280416896
2021-03-08,-6.022747806878108
2021-03-09,17.932714140524915
2021-03-10,-0.8228833280182578
2021-03-11,4.613076669060556
2021-03-12,-0.8425900400429928
2021-03-15,2.027649657712319
2021-03-16,-4.486533694757759
2021-03-17,3.616869761350537
2021-03-18,-7.184055905976212
2021-03-19,0.2614584056873359
2021-03-22,2.2840977712960258
2021-03-23,-1.177046550300851
2021-03-24,-4.935894253519081
2021-03-25,1.5929083234572168
2021-03-26,-3.4440713289359186
2021-03-29,-1.206515921840402
2021-03-30,3.902942452340498
2021-03-31,4.958242699342918
2021-04-01,-0.9295525767170773
2021-04-05,4.332438849776634
2021-04-06,0.08244361718844317
2021-04-07,-3.031223705748461
2021-04-08,1.8941076007001658
2021-04-09,-0.9964638245883607
2021-04-12,3.6204064082915663
2021-04-13,8.24615371588127
2021-04-14,-4.027179907894106
2021-04-15,0.9000306677510111
2021-04-16,0.12579114127894178
2021-04-19,-3.4587909254449345
2021-04-20,0.6082481415169929
2021-04-21,3.435484924604316
2021-04-22,-3.3381717950916157
2021-04-23,1.340170287553056
2021-04-26,1.1992516455123832
2021-04-27,-4.638585985423081
2021-04-28,-1.4780794025162398
2021-04-29,-2.5376837131345886
2021-04-30,4.680461290993819
2021-05-03,-3.5203052789871054
2021-05-04,-1.6636360929421767
2021-05-05,-0.39567768073259285
2021-05-06,-1.1090612633393284
2021-05-07,1.3219694470214067
2021-05-10,-6.661398691844631
2021-05-11,-1.9001672485714622
2021-05-12,-4.525703659502094
2021-05-13,-3.1339186285390794
2021-05-14,3.1084853734470936
2021-05-17,-2.213414578006038
2021-05-18,0.18013224952045326
2021-05-19,-2.525256279576602
2021-05-20,4.055360140847516
2021-05-21,-1.0105809239520405
2021-05-24,4.306162202970284
2021-05-25,-0.2889839951081735
2021-05-26,2.3599290742317445
2021-05-27,1.8752900206065453
2021-05-28,-0.8964584890580656
2021-06-01,-0.2113500469111133
2021-06-02,-3.0563287475861585
2021-06-03,-5.482031154624073
2021-06-04,4.473860632554938
2021-06-07,1.009827208586457
2021-06-08,-0.254816555989226
2021-06-09,-0.8000903407653627
2021-06-10,1.8761400839628444
2021-06-11,-0.03770891203820165
2021-06-14,1.2708130416930217
2021-06-15,-3.012429716067012
2021-06-16,0.9151155788618983
2021-06-17,1.92069740346885
2021-06-18,1.0823457790849946
2021-06-21,-0.3986737073227453
2021-06-22,0.4628256702323365
2021-06-23,5.13438209840323
2021-06-24,3.479874196476401
2021-06-25,-1.1763228305736264
2021-06-28,2.4769941961746587
2021-06-29,-1.1624991064810086
2021-06-30,-0.15582931945794673
2021-07-01,-0.26222581937176714
2021-07-02,0.14445931240384158
2021-07-06,-2.887058319813403
2021-07-07,-2.2895747206025714
2021-07-08,1.25785940312836
2021-07-09,0.632181224902381
2021-07-12,4.283227917054487
2021-07-13,-2.534398967789309
2021-07-14,-2.2937323111711274
2021-07-15,-0.4263873629526309
2021-07-16,-0.9854715165981515
2021-07-19,0.3099673103658058
2021-07-20,2.1857165705963832
2021-07-21,-0.7919294852611358
2021-07-22,-0.924460786068585
2021-07-23,-0.9097683584931695
2021-07-26,2.189168871378688
2021-07-27,-1.9718078031379662
2021-07-28,0.3406227654540995
2021-07-29,4.587275846182953
2021-07-30,1.443720866438284
2021-08-02,3.2174725947111447
2021-08-03,0.009862134908680056
2021-08-04,0.1661168327351945
2021-08-05,0.5205072568156722
2021-08-06,-2.197113034608947
2021-08-09,2.0752939609055847
2021-08-10,-0.5295892009324611
2021-08-11,-0.3061037245157465
2021-08-12,2.0181504916966015
2021-08-13,-0.7058409103322424
2021-08-16,-4.418754471286659
2021-08-17,-3.0271235169467254
2021-08-18,3.437259258571844
2021-08-19,-2.2783267048393734
2021-08-20,1.0031571629142373
2021-08-23,3.7565033208488163
2021-08-24,0.30958501857260845
2021-08-25,0.3817748987326931
2021-08-26,-1.4217568331421202
2021-08-27,1.5229452832627464
2021-08-30,2.6324794631828157
2021-08-31,0.6559274920001271
2021-09-01,-0.22179812627514756
2021-09-02,-0.23184737320933702
2021-09-03,0.16098361025145227
2021-09-07,2.6035942688487674
2021-09-08,0.12609548743898497
2021-09-09,0.1312369553312357
2021-09-10,-2.4935356375548032
2021-09-13,0.909913944444317
2021-09-14,0.2003341828722264
2021-09-15,1.5117058319369687
2021-09-16,0.1533585164573557
2021-09-17,0.32970919669145526
2021-09-20,-3.936976129858423
2021-09-21,1.2534643183807646
2021-09-22,1.6844512360145871
2021-09-23,0.22582628204918512
2021-09-24,2.7160841972020324
2021-09-27,2.1677401377557137
2021-09-28,-1.7592195347548873
2021-09-29,0.48111864344248967
2021-09-30,-0.7489788045097198
2021-10-01,-0.03353450129375683
2021-10-04,0.8106673348889787
2021-10-05,-0.1203574108239426
2021-10-06,0.2763320999873195
2021-10-07,1.3778893929122908
2021-10-08,-1.0284539562274664
2021-10-11,0.8177997401230773
2021-10-12,1.725061613832015
2021-10-13,0.6630349593761303
2021-10-14,0.8886865672994949
2021-10-15,2.974907491710917
2021-10-18,3.161711443997285
2021-10-19,-0.6734486474692475
2021-10-20,0.17687488821671588
2021-10-21,3.205181901693134
2021-10-22,1.7387072543931938
2021-10-25,11.921843486746743
2021-10-26,-0.6293814959297077
2021-10-27,1.8898727534898532
2021-10-28,3.705562944417333
2021-10-29,3.3740623277135042
2021-11-01,8.149724419582528
2021-11-02,-3.074274797958024
2021-11-03,3.5093687551658954
2021-11-04,1.313564628546233
2021-11-05,-0.6378469186125081
2021-11-08,-4.961124617557858
2021-11-09,-12.772318728902384
2021-11-10,4.251283809069096
2021-11-11,-0.41661953768664955
2021-11-12,-2.870106527956147
2021-11-15,-1.957254315692035
2021-11-16,3.998366090579434
2021-11-17,3.1984216103858807
2021-11-18,0.6744812791821567
2021-11-19,3.6432134457350074
2021-11-22,1.7272096909531556
2021-11-23,-4.223229344871564
2021-11-24,0.6265105659810634
2021-11-26,-3.1013582803841335
2021-11-29,4.964715675134432
2021-11-30,0.6810578672784683
2021-12-01,-4.444065331094279
2021-12-02,-0.9543130353379798
2021-12-03,-6.63521763056877
2021-12-06,-0.5889394805839068
2021-12-07,4.148581070093519
2021-12-08,1.6230761245708623
2021-12-09,-6.289341727027524
2021-12-10,1.309382748280064
2021-12-13,-5.105377592462954
2021-12-14,-0.8208173270999869
2021-12-15,1.8072325435531507
2021-12-16,-5.158505567232323
2021-12-17,0.6076947341899706
2021-12-20,-3.5616059795484913
2021-12-21,4.198665654283043
2021-12-22,7.227140942458774
2021-12-23,5.602002567418564
2021-12-27,2.493491640225309
2021-12-28,-0.5012818550008269
2021-12-29,-0.2096907250306926
2021-12-30,-1.4699782732613054
2021-12-31,-1.2749774874751605
2022-01-03,12.69116289226746
2022-01-04,-4.273287830059682
2022-01-05,-5.4953895352910695
2022-01-06,-2.175837984148769
2022-01-07,-3.6090048950218416
2022-01-10,2.9890740749494564
2022-01-11,0.5917481776156395
2022-01-12,3.853754612843837
2022-01-13,-6.987655465675016
2022-01-14,1.7346435457551865
2022-01-18,-1.8364847454341895
2022-01-19,-3.4413300098542523
2022-01-20,0.0622510083264904
2022-01-21,-5.39980722931419
2022-01-24,-1.4835635717323472
2022-01-25,-1.2551567227813774
2022-01-26,2.048773822340817
2022-01-27,-12.277997465910719
2022-01-28,2.0592210362891428
2022-01-31,10.145138741776682
2022-02-01,-0.5856643341232021
2022-02-02,-2.7863806904988757
2022-02-03,-1.6162405874435268
2022-02-04,3.5474386816493038
2022-02-07,-1.7458706575610556
2022-02-08,1.6028052271245363
2022-02-09,1.0787525285489405
2022-02-10,-2.98952129692807
2022-02-11,-5.050521521013064
2022-02-14,1.8159773032297852
2022-02-15,5.191932445845771
2022-02-16,0.10402120327626255
2022-02-17,-5.228610180162916
2022-02-18,-2.2350967561475237
2022-02-22,-4.224617718140919
2022-02-23,-7.254830168258311
2022-02-24,4.695367409397792
2022-02-25,1.1299945777284082
2022-02-28,7.211363413565586
2022-03-01,-0.6986492144572377
2022-03-02,1.779600470296842
2022-03-03,-4.724057511561311
2022-03-04,-0.11922300504741562
2022-03-07,-4.1043691011859025
2022-03-08,2.4335419149005895
2022-03-09,4.107819387010212
2022-03-10,-2.4358017786858905
2022-03-11,-5.2593703659666025
2022-03-14,-3.7117201549322347
2022-03-15,4.530634609366675
2022-03-16,4.670421907434536
2022-03-17,3.665493442277862
2022-03-18,3.803519751155836
2022-03-21,1.7268009913468576
2022-03-22,7.60832835953988
2022-03-23,0.5147863044765912
2022-03-24,1.471433959495864
2022-03-25,-0.32401817039866143
2022-03-28,7.728050710253655
2022-03-29,0.7054913567225325
2022-03-30,-0.5087674440050588
2022-03-31,-1.509517416561853
2022-04-01,0.6465651918934319
2022-04-04,5.459557817973847
2022-04-05,-4.846463728047057
2022-04-06,-4.25890697684631
2022-04-07,1.093679078037125
2022-04-08,-3.051018606803096
2022-04-11,-4.95349318175134
2022-04-12,1.122853693277581
2022-04-13,3.525937358618689
2022-04-14,-3.723709338922126
2022-04-18,1.9394439519631361
2022-04-19,2.348026183911774
2022-04-20,-5.082502163771987
2022-04-21,3.1805636085348157
2022-04-22,-0.3704429607069112
2022-04-25,-0.7019222592886596
2022-04-26,-12.99278575282087
2022-04-27,0.5790878918745771
2022-04-28,-0.4548029513557434
2022-04-29,-0.7721957937068309
2022-05-02,3.628977282780161
2022-05-03,0.6963974902024329
2022-05-04,4.659599279666411
2022-05-05,-8.695990905101429
2022-05-06,-0.8775573655860789
2022-05-09,-9.51126361970946
2022-05-10,1.6293707630266798
2022-05-11,-8.615264955046516
2022-05-12,-0.8207980246495448
2022-05-13,5.555683158900242
2022-05-16,-6.055559591829793
2022-05-17,5.013228958227468
2022-05-18,-7.043726926027942
2022-05-19,-0.054961445801263324
2022-05-20,-6.631616117599509
2022-05-23,1.6432950581559482
2022-05-24,-7.176955888757142
2022-05-25,4.762508488803092
2022-05-26,7.164265445291098
2022-05-27,7.076881859385181
2022-05-31,-0.1805191767721895
2022-06-01,-2.387627334122456
2022-06-02,4.571303469577831
2022-06-03,-9.672413884722543
2022-06-06,1.591980642197778
2022-06-07,0.2542820180630796
2022-06-08,1.2397350726358316
2022-06-09,-0.8970671737446728
2022-06-10,-3.168770531986072
2022-06-13,-7.366972655880115
2022-06-14,2.360632235719876
2022-06-15,5.33736162801124
2022-06-16,-8.927688581957351
2022-06-17,1.7029157609637944
2022-06-21,8.942411634475661
2022-06-22,-0.4015858661335937
2022-06-23,-0.43156097521520964
2022-06-24,4.4255032608287665
2022-06-27,-0.3206786761701394
2022-06-28,-5.133914578061633
2022-06-29,-1.8100003611393376
2022-06-30,-1.7735577471772914
2022-07-01,1.2352524133575367
2022-07-05,2.5215114905161355
2022-07-06,-0.5737228466480854
2022-07-07,5.380522947187815
2022-07-08,2.5117078284842167
2022-07-11,-6.772231414560211
2022-07-12,-0.5448427397798374
2022-07-13,1.6890005886123307
2022-07-14,0.5357484236889208
2022-07-15,0.7330299130864308
2022-07-18,0.1997430616818738
2022-07-19,2.050504546366628
2022-07-20,0.7991447618970264
2022-07-21,9.331246499887616
2022-07-22,0.19732780255828208
2022-07-25,-1.4093787954092982
2022-07-26,-3.63152186530825
2022-07-27,5.982904612856656
2022-07-28,2.1882347827174065
2022-07-29,5.6238328890716485
2022-08-01,0.042622067920240224
2022-08-02,1.1072869479979632
2022-08-03,2.240285862664938
2022-08-04,0.40149521355933554
2022-08-05,-6.86033118290163
2022-08-08,0.7789020718917544
2022-08-09,-2.47155543645267
2022-08-10,3.816806100817755
2022-08-11,-2.6599955270312265
2022-08-12,4.569026313078065
2022-08-15,3.0493897831355556
2022-08-16,-0.8952025876518946
2022-08-17,-0.8407578354357604
2022-08-18,-0.37131047703819653
2022-08-19,-2.069451464936621
2022-08-22,-2.3027123255798405
2022-08-23,2.230781558771273
2022-08-24,0.21677745650455194
2022-08-25,-0.34616690754643126
2022-08-26,-2.732301898385137
2022-08-29,-1.1415491099770154
2022-08-30,-2.531598923616216
2022-08-31,-0.7554668468041174
2022-09-01,0.5608200169827373
2022-09-02,-2.5395567131662107
2022-09-06,1.5460425583855752
2022-09-07,3.325755641840769
2022-09-08,1.9408586563541073
2022-09-09,3.5389242849343665
2022-09-12,1.5693156705112052
2022-09-13,-4.12094455730603
2022-09-14,3.5245873940170287
2022-09-15,0.3760195326889947
2022-09-16,-0.13177201460770077
2022-09-19,1.8680537647816526
2022-09-20,-0.1100668054834369
2022-09-21,-2.602159260786537
2022-09-22,-4.143856847866542
2022-09-23,-4.703665354268194
2022-09-26,0.24668028538151035
2022-09-27,2.4797737333229057
2022-09-28,1.7065662059063693
2022-09-29,-7.053030781738909
2022-09-30,-1.1097446407076914
2022-10-03,-9.008354847845322
2022-10-04,2.862918608137619
2022-10-05,-3.5210184423729745
2022-10-06,-1.1191467132615511
2022-10-07,-6.533110715825654
2022-10-10,-0.04932430962923407
2022-10-11,-2.940186584357689
2022-10-12,0.34122110102537423
2022-10-13,2.0412571604412393
2022-10-14,-7.845410579918485
2022-10-17,6.770743117966105
2022-10-18,0.38221656467326304
2022-10-19,0.8366694500343839
2022-10-20,-6.878698522005931
2022-10-21,3.3959459979664812
2022-10-24,-1.4987724107085643
2022-10-25,5.152521192099332
2022-10-26,0.9931639962148883
2022-10-27,0.20011878357876822
2022-10-28,1.5123446596271506
2022-10-31,-0.42977349472309345
2022-11-01,0.12298580156588981
2022-11-02,-5.801089494975567
2022-11-03,0.15338580999043427
2022-11-04,-3.709208198225595
2022-11-07,-5.137700982212229
2022-11-08,-2.9766854567743133
2022-11-09,-7.436539035358273
2022-11-10,7.132888823212645
2022-11-11,2.715520224250963
2022-11-14,-2.594999483044167
2022-11-15,1.8009160285334422
2022-11-16,-3.934004993858786
2022-11-17,-2.0266034660649708
2022-11-18,-1.6402810087859467
2022-11-21,-7.082202204033466
2022-11-22,1.2079065403443037
2022-11-23,7.530952893106566
2022-11-25,-0.18575995078744564
2022-11-28,0.03280527056264311
2022-11-29,-1.149151525699213
2022-11-30,7.390252318127676
2022-12-01,0.0
2022-12-02,0.08214584254523483
2022-12-05,-6.580520897353891
2022-12-06,-1.451975486845227
2022-12-07,-3.2671272011557817
2022-12-08,-0.3453386948248274
2022-12-09,3.1833381160952023
2022-12-12,-6.477309340338366
2022-12-13,-4.1798281301312254
2022-12-14,-2.612261140486262
2022-12-15,0.5533102257132837
2022-12-16,-4.833680500131505
2022-12-19,-0.23992055582815475
2022-12-20,-8.396483835074354
2022-12-21,-0.16704490129968075
2022-12-22,-9.302311928148892
2022-12-23,-1.7706675474399132
2022-12-27,-12.113825810398888
2022-12-28,3.2553261278161743
2022-12-29,7.772640277207259
2022-12-30,1.1102159833173808
2023-01-03,-13.058999220665154
2023-01-04,4.9978841085341275
2023-01-05,-2.946907696009933
2023-01-06,2.435215499827936
2023-01-09,5.765457927800228
2023-01-10,-0.7711027963739906
2023-01-11,3.6109204525613112
2023-01-12,0.2755462798387791
2023-01-13,-0.9432465746952078
2023-01-17,7.1636462330557755
2023-01-18,-2.082533224405745
2023-01-19,-1.2580752996881195
2023-01-20,4.797727392320404
2023-01-23,7.457364612008015
2023-01-24,0.09734348560736818
2023-01-25,0.37457958683397113
2023-01-26,10.40650092615062
2023-01-27,10.436164069972145
2023-01-30,-6.526572943550507
2023-01-31,3.860663902242871
2023-02-01,4.619721319012761
2023-02-02,3.711744228973266
2023-02-03,0.9041655543147503
2023-02-06,2.4849222136681948
2023-02-07,1.0470780820742305
2023-02-08,2.2507837028282127
2023-02-09,2.9516907690852445
2023-02-10,-5.161833459581209
2023-02-13,-1.1493498714308885
2023-02-14,7.237801403011461
2023-02-15,2.3567198213512963
2023-02-16,-5.863124321363247
2023-02-17,3.056167870629532
2023-02-21,-5.394722804913013
2023-02-22,1.7528035977254008
2023-02-23,0.6006057267467722
2023-02-24,-2.601977738759486
2023-02-27,5.316324215501689
2023-02-28,-0.9290230436857878
2023-03-01,-1.4395089751065941
2023-03-02,-6.032265409146769
2023-03-03,3.5456129089512616
2023-03-06,-2.0327542733145068
2023-03-07,-3.198003067013698
2023-03-08,-3.089156736881823
2023-03-09,-5.117763786639216
2023-03-10,0.3002683117251709
2023-03-13,0.5978365078895034
2023-03-14,4.909578215581386
2023-03-15,-1.5452165385496757
2023-03-16,2.018834222054988
2023-03-17,-2.1963216854791674
2023-03-20,1.7172501224135428
2023-03-21,7.529223411697607
2023-03-22,-3.3085146671818366
2023-03-23,0.5582127533771847
2023-03-24,-0.9460894526444722
2023-03-27,0.7325624786097459
2023-03-28,-1.3753472002494753
2023-03-29,2.44876221590413
2023-03-30,0.7194983671774654
2023-03-31,6.050416253224199
2023-04-03,-6.311918518816914
2023-04-04,-1.1307735857578445
2023-04-05,-3.734894534323159
2023-04-06,-0.2482632348555218
2023-04-10,-0.29764508462146333
2023-04-11,1.2281322445656238
2023-04-12,-3.4032632545504593
2023-04-13,2.9256539212836876
2023-04-14,-0.4853036816821199
2023-04-17,1.0966636750077954
2023-04-18,-1.470335251106692
2023-04-19,-2.0389861131667346
2023-04-20,-10.2540365251667
2023-04-21,1.2741333042302827
2023-04-24,-1.5444550452118742
2023-04-25,-1.1633104865311443
2023-04-26,-4.402465397224694
2023-04-27,4.103271926745557
2023-04-28,2.5394246651119614
2023-05-01,-1.5208459761728232
2023-05-02,-0.9436987371174365
2023-05-03,0.1869644402715088
2023-05-04,0.3666741266012777
2023-05-05,5.350549046047228
2023-05-08,1.012145995502574
2023-05-09,-1.5486902413259211
2023-05-10,-0.3612788634512576
2023-05-11,2.0786425091438345
2023-05-12,-2.4114596337054404
2023-05-15,-0.9750860107846383
2023-05-16,0.10214088288270423
2023-05-17,4.313493317739194
2023-05-18,1.727768584344739
2023-05-19,1.8206255962432198
2023-05-22,4.7324598887595295
2023-05-23,-1.6549549453013594
2023-05-24,-1.5569850375931849
2023-05-25,0.8547333224801211
2023-05-26,4.608376548838008
2023-05-30,4.053000876950061
2023-05-31,1.3676132280176285
2023-06-01,1.7450979367424007
2023-06-02,3.0608082827557372
2023-06-05,1.6868648629117584
2023-06-06,1.685994991971048
2023-06-07,1.462307267215519
2023-06-08,4.4802099330861545
2023-06-09,3.981660778824774
2023-06-12,2.1974491562612952
2023-06-13,3.492701634188564
2023-06-14,-0.7449046704933149
2023-06-15,-0.3471944208969137
2023-06-16,1.7969713751816723
2023-06-20,5.2012706407673175
2023-06-21,-5.6166624264676726
2023-06-22,1.9654473293680905
2023-06-23,-3.073851253541729
2023-06-26,-6.251408245574486
2023-06-27,3.729619858071868
2023-06-28,2.3813875097039845
2023-06-29,0.4905252914132209
2023-06-30,1.6446493545468959
2023-07-03,6.668035183063045
2023-07-05,0.9461225032650612
2023-07-06,-2.125228365266279
2023-07-07,-0.7659314226953743
2023-07-10,-1.7719776626485642
2023-07-11,0.06674942605875905
2023-07-12,0.8121354742896705
2023-07-13,2.1496049775542363
2023-07-14,1.2444771516691935
2023-07-17,3.1484340568635116
2023-07-18,1.0141906463636843
2023-07-19,-0.711596075110357
2023-07-20,-10.24426640636013
2023-07-21,-1.1015199637560409
2023-07-24,3.417588510139714
2023-07-25,-1.4148526638195589
2023-07-26,-0.3511861575139069
2023-07-27,-3.3229989651935528
2023-07-28,4.110507058974998
2023-07-31,0.3708735752833327
2023-08-01,-2.406922380883306
2023-08-02,-2.702135211356589
2023-08-03,2.0295602012260323
2023-08-04,-2.127991218642005
2023-08-07,-0.9538785882980405
2023-08-08,-0.6983965417304769
2023-08-09,-3.053763290845526
2023-08-10,1.2922436522360332
2023-08-11,-1.1024937980288017
2023-08-14,-1.1981650600334395
2023-08-15,-2.8771606269163907
2023-08-16,-3.2103247149655094
2023-08-17,-2.8687749322523546
2023-08-18,-1.7161267109647227
2023-08-21,7.071456218373605
2023-08-22,0.8224489949779781
2023-08-23,1.5615669490355368
2023-08-24,-2.9216074210292504
2023-08-25,3.649340462828744
2023-08-28,0.09635784854130897
2023-08-29,7.406603958973092
2023-08-30,-0.10893200058280639
2023-08-31,0.4582681990043304
2023-09-01,-5.19705587294173
2023-09-05,4.579063580383233
2023-09-06,-1.7978069897591802
2023-09-07,-0.17083203640210315
2023-09-08,-1.196040362366727
2023-09-11,9.615118904304937
2023-09-12,-2.2549196320499374
2023-09-13,1.418033641106544
2023-09-14,1.7320639037477314
2023-09-15,-0.5995308283339084
2023-09-18,-3.376463807907184
2023-09-19,0.4588376260533905
2023-09-20,-1.4780377139554337
2023-09-21,-2.6588996104119156
2023-09-22,-4.32365557854555
2023-09-25,0.8579557642105126
2023-09-26,-1.1687984544271046
2023-09-27,-1.4939798128788435
2023-09-28,2.41549898062297
2023-09-29,1.5465456415727707
2023-10-02,0.5500013317317833
2023-10-03,-2.0356864105244106
2023-10-04,5.764957536105983
2023-10-05,-0.42593870629195185
2023-10-06,0.18441397469999052
2023-10-09,-0.3306367223503055
2023-10-10,1.5097007960672728
2023-10-11,-0.23926822540326845
2023-10-12,-1.5789985181823882
2023-10-13,-3.039509323674268
2023-10-16,1.1088356477393282
2023-10-17,0.36559111685426426
2023-10-18,-4.8931487841958825
2023-10-19,-9.761624872658325
2023-10-20,-3.7588294506417
2023-10-23,0.042444095402800135
2023-10-24,2.071937104662216
2023-10-25,-1.9117503387764196
2023-10-26,-3.1855023921114265
2023-10-27,0.745661981088352
2023-10-30,-4.913755884950848
2023-10-31,1.7479077618859313
2023-11-01,2.37157846751232
2023-11-02,6.060741733192292
2023-11-03,0.6613987223154422
2023-11-06,-0.3141875517400063
2023-11-07,1.3183964542986846
2023-11-08,-0.031507378994064174
2023-11-09,-5.616048965858237
2023-11-10,2.1996498496030514
2023-11-13,4.134183399945281
2023-11-14,5.943801947754144
2023-11-15,2.261415546906529
2023-11-16,-3.883534904080814
2023-11-17,0.3034932397664385
2023-11-20,0.5533119144943253
2023-11-21,2.349097451694034
2023-11-22,-2.9408274734311717
2023-11-24,0.5280386261856707
2023-11-27,0.26721746625813214
2023-11-28,4.408335693193017
2023-11-29,-1.0512266581044114
2023-11-30,-1.6769619982683281
2023-12-01,-0.5220199323597404
2023-12-04,-1.370144313218934
2023-12-05,1.3240755825754018
2023-12-06,0.27191294607693983
2023-12-07,1.3568409275163598
2023-12-08,0.49333966149239644
2023-12-11,-1.6957231787828677
2023-12-12,-1.1452714531076778
2023-12-13,0.9573866272891411
2023-12-14,4.797595720291628
2023-12-15,0.9711688394547188
2023-12-18,-0.5617318318434684
2023-12-19,2.0185249870892545
2023-12-20,-3.9976779377310603
2023-12-21,2.9345860784192235
2023-12-22,-0.7731210565404946
2023-12-26,1.598774007390915
2023-12-27,1.864745551086063
2023-12-28,-3.2104151730159782
2023-12-29,-1.8738327073791299
2024-01-02,-0.024148746074566404
2024-01-03,-4.096122279932548
2024-01-04,-0.21831499656647055
2024-01-05,-0.18509415250830852
2024-01-08,1.238661457663906
2024-01-09,-2.3096839566935645
2024-01-10,-0.43506328062787064
2024-01-11,-2.914596614449833
2024-01-12,-3.734939877742937
2024-01-16,0.4649070658851297
2024-01-17,-2.0025473044372717
2024-01-18,-1.7172815629643214
2024-01-19,0.14620115002590317
2024-01-22,-1.6105240597581734
2024-01-23,0.16270106278732432
2024-01-24,-0.6283434610725191
2024-01-25,-12.925817170128795
2024-01-26,0.3389065826718794
2024-01-29,4.105548959785763
2024-01-30,0.34508226289791305
2024-01-31,-2.2699471099276636
2024-02-01,0.8347821172369478
2024-02-02,-0.504285877699478
2024-02-05,-3.713468972636411
2024-02-06,2.206779799027196
2024-02-07,1.3309178288648946
2024-02-08,1.0500153377802504
2024-02-09,2.0933657774970458
2024-02-12,-2.850600281752684
2024-02-13,-2.208876860591097
2024-02-14,2.5167010147113134
2024-02-15,6.035334314528131
2024-02-16,-0.24975038337594174
2024-02-20,-3.1447068575791897
2024-02-21,0.5199145723306658
2024-02-22,1.346340565061831
2024-02-23,-2.794368665005475
2024-02-26,3.7973710740030473
2024-02-27,0.16536061675660274
2024-02-28,1.1499231283567917
2024-02-29,-0.07921787106965236
2024-03-01,0.37575170226514665
2024-03-04,-7.424463938175002
2024-03-05,-4.0126798433230215
2024-03-06,-2.351212330464284
2024-03-07,1.1881108742965991
2024-03-08,-1.8701625030085045
2024-03-11,1.3763678693560029
2024-03-12,-0.12947061441473567
2024-03-13,-4.646099727496629
2024-03-14,-4.205689877933218
2024-03-15,0.6563076277915342
2024-03-18,6.066415234260472
2024-03-19,-1.4372034891457557
2024-03-20,2.5017133837829975
2024-03-21,-1.6299696542812376
2024-03-22,-1.158171211632812
2024-03-25,1.0481683435756075
2024-03-26,2.87772826285837
2024-03-27,1.20840836173639
2024-03-28,-2.272190773999231
2024-04-01,-0.3247728414349533
2024-04-02,-5.026651935105257
2024-04-03,1.044754405443174
2024-04-04,1.6083269202606634
2024-04-05,-3.696743555877544
2024-04-08,4.783676362708771
2024-04-09,2.2295607975213145
2024-04-10,-2.937344256551801
2024-04-11,1.6399556773736195
2024-04-12,-2.0541749097701736
2024-04-15,-5.7574659738337015
2024-04-16,-2.743506868222295
2024-04-17,-1.062208397137564
2024-04-18,-3.6155647217109546
2024-04-19,-1.939578390268632
2024-04-22,-3.45935559693179
2024-04-23,1.8345226676437152
2024-04-24,11.387415621830609
2024-04-25,4.845814470471284
2024-04-26,-1.1168015552988686
2024-04-29,14.242723171122051
2024-04-30,-5.710084205665044
2024-05-01,-1.8113707174260838
2024-05-02,0.011105007606901515
2024-05-03,0.6533843535574035
2024-05-06,1.9511437908751132
2024-05-07,-3.834210509362041
2024-05-08,-1.7530851194269643
2024-05-09,-1.5864649448707813
2024-05-10,-2.056235045052573
2024-05-13,2.009703414530751
2024-05-14,3.2397542788017755
2024-05-15,-2.0254418706909574
2024-05-16,0.4873391179277019
2024-05-17,1.487402019069651
2024-05-20,-1.4245067870223689
2024-05-21,6.44671197522328
2024-05-22,-3.5399542384592495
2024-05-23,-3.6007818288810785
2024-05-24,3.1165760115991867
2024-05-28,-1.3989415788236144
2024-05-29,-0.3173332717476964
2024-05-30,1.4648923152829736
2024-05-31,-0.3978997402597566
2024-06-03,-1.0102569596006488
2024-06-04,-0.8659479988969873
2024-06-05,0.13151256990527008
2024-06-06,1.6660454613497404
2024-06-07,-0.25885260992180076
2024-06-10,-2.101026729322036
2024-06-11,-1.817434057762428
2024-06-12,3.811347747393242
2024-06-13,2.8799010597446486
2024-06-14,-2.474608500772532
2024-06-17,5.161910959393889
2024-06-18,-1.3860022086213544
2024-06-20,-1.7957490517488288
2024-06-21,0.789947152070122
2024-06-24,-0.23523229758260242
2024-06-25,2.579011465212662
2024-06-26,4.702205207892816
2024-06-27,0.5332819818052439
2024-06-28,0.23273813203096338
2024-07-01,5.877983360300839
2024-07-02,9.710195030947965
2024-07-03,6.337304899541417
2024-07-05,2.060688228437289
2024-07-08,0.5629789876539415
2024-07-09,3.6450885897889704
2024-07-10,0.3538972090407051
2024-07-11,-8.822077208547265
2024-07-12,2.9434316513726
2024-07-15,1.7609829570940914
2024-07-16,1.539699777753451
2024-07-17,-3.1919700332288747
2024-07-18,0.2933302220995548
2024-07-19,-4.107613843938718
2024-07-22,5.018271902171053
2024-07-23,-2.06076489879567
2024-07-24,-13.16429436033912
2024-07-25,1.953112906763447
2024-07-26,-0.20452089625195088
2024-07-29,5.445028372354368
2024-07-30,-4.170207944562903
2024-07-31,4.157282172336867
2024-08-01,-6.778709499652081
2024-08-02,-4.330171432078045
2024-08-05,-4.324862022379944
2024-08-06,0.8810602088580683
2024-08-07,-4.52676929224409
2024-08-08,3.6255901329012614
2024-08-09,0.581690373893244
2024-08-12,-1.262938858524463
2024-08-13,5.1032468678537874
2024-08-14,-3.1526751907101582
2024-08-15,6.143630914565022
2024-08-16,0.9203782502924531
2024-08-19,3.00815962441386
2024-08-20,-0.7300267158314843
2024-08-21,0.9766705077567319
2024-08-22,-5.813634375381778
2024-08-23,4.48355914315171
2024-08-26,-3.2803441227523
2024-08-27,-1.8939062709292416
2024-08-28,-1.667672472989858
2024-08-29,0.25726237078790365
2024-08-30,3.725544123667223
2024-09-03,-1.652927582030035
2024-09-04,4.098151366314127
2024-09-05,4.787601603580388
2024-09-06,-8.824048544582787
2024-09-09,2.5949973905266996
2024-09-10,4.475927395598372
2024-09-11,0.8628742512625562
2024-09-12,0.7337206636805016
2024-09-13,0.2086485160728214
2024-09-16,-1.53589759450266
2024-09-17,0.4794890315022082
2024-09-18,-0.2944596060988641
2024-09-19,7.1009621758252015
2024-09-20,-2.3519752638904134
2024-09-23,4.8140375327935025
2024-09-24,1.6935793509053216
2024-09-25,1.0757148762662676
2024-09-26,-1.0953821465680538
2024-09-27,2.4249227064234113
2024-09-30,0.44820448375330624
2024-10-01,-1.3894251852425752
2024-10-02,-3.550382703625739
2024-10-03,-3.4148067454407056
2024-10-04,3.839570976808356
2024-10-07,-3.768957599969925
2024-10-08,1.5124010919583781
2024-10-09,-1.4210915403026647
2024-10-10,-0.9503630132407265
2024-10-11,-9.192353886888894
2024-10-14,0.6224848869363442
2024-10-15,0.18690482583790413
2024-10-16,0.7983687088569508
2024-10-17,-0.1989971441327628
2024-10-18,-0.08605378505268967
2024-10-21,-0.8417707909120924
2024-10-22,-0.4029147285192812
2024-10-23,-2.001831071853799
2024-10-24,19.818699146920753
2024-10-25,3.2891334056112616
2024-10-28,-2.512824530239814
2024-10-29,-1.145548515134625
2024-10-30,-0.7619899978935549
2024-10-31,-3.0353066395916373
2024-11-01,-0.34882074251497286
2024-11-04,-2.496977961188871
2024-11-05,3.4801627017114347
2024-11-06,13.759466024737685
2024-11-07,2.8630012464395396
2024-11-08,7.869717552417867
2024-11-11,8.580690404849912
2024-11-12,-6.342678815128277
2024-11-13,0.5313266949669512
2024-11-14,-5.944813393194971
2024-11-15,3.0196972790488488
2024-11-18,5.4664350493325395
2024-11-19,2.1205952424013743
2024-11-20,-1.154032611298051
2024-11-21,-0.7012172684276001
2024-11-22,3.7334537348467203
2024-11-25,-4.043088853449338
2024-11-26,-0.10637551538453169
2024-11-27,-1.5914020837727676
2024-11-29,3.619593916712737
2024-12-02,3.397975234247804
2024-12-03,-1.6005713052796626
2024-12-04,1.8355288553428408
2024-12-05,3.178623389945424
2024-12-06,5.202108959673976
2024-12-09,0.14634148953150045
2024-12-10,2.832831050135854
2024-12-11,5.76113551148347
2024-12-12,-1.5827167140069118
2024-12-13,4.244899941747966
2024-12-16,5.960057359180242
2024-12-17,3.5724138195772257
2024-12-18,-8.642421525210743
2024-12-19,-0.9038042516689774
2024-12-20,-3.52567708528249
2024-12-23,2.2404263560535638
2024-12-24,7.09911663619198
2024-12-26,-1.7787254049436576
2024-12-27,-5.0745261602583325
2024-12-30,-3.3569288850867873
2024-12-31,-3.305021011916344
2025-01-02,-6.274403546918701
2025-01-03,7.895504556688627
2025-01-06,0.14850709586745647
2025-01-07,-4.145067133894495
2025-01-08,0.14697002488740785
2025-01-10,-0.050656522430214
2025-01-13,2.1478195369560784
2025-01-14,-1.7382638722844803
2025-01-15,7.731423282838396
2025-01-16,-3.420597069137606
2025-01-17,3.0181252561434033
2025-01-21,-0.5713813715474756
2025-01-22,-2.135504315494337
2025-01-23,-0.6598243859181292
2025-01-24,-1.4164587635274255
2025-01-27,-2.346665085600737
2025-01-28,0.23640734639690625
2025-01-29,-2.284170549807513
2025-01-30,2.8327903495885405
2025-01-31,1.073464064632074
2025-02-03,-5.309008706919776
2025-02-04,2.1988536096152256
2025-02-05,-3.645352337012321
2025-02-06,-1.0232799351092567
2025-02-07,-3.451714290429049
2025-02-10,-3.0577195209388917
2025-02-11,-6.547989008634724
2025-02-12,2.4091057420887543
2025-02-13,5.613428883532556
2025-02-14,-0.028100285016493403
2025-02-18,-0.48736233685303015
2025-02-19,1.8050813649058695
2025-02-20,-1.723217010242546
2025-02-21,-4.797223327197698
2025-02-24,-2.1756545199510744
2025-02-25,-8.762494178787733
2025-02-26,-4.043677756749929
2025-02-27,-3.0905910133740466
2025-02-28,3.837459125197188
2025-03-03,-2.884405084526935
2025-03-04,-4.531118823694168
2025-03-05,2.5621016692865903
2025-03-06,-5.770651942025788
2025-03-07,-0.29651004058366415
2025-03-10,-16.7545740677576
2025-03-11,3.7245079838722015
2025-03-12,7.319368705023726
2025-03-13,-3.0323348875332203
2025-03-14,3.7912677650069933
2025-03-17,-4.906823105490001
2025-03-18,-5.483544563443539
2025-03-19,4.576119036806563
2025-03-20,0.16944590202751025
2025-03-21,5.135471581314058
2025-03-24,11.273547481030482
2025-03-25,3.4423463077927825
2025-03-26,-5.742390273973801
2025-03-27,0.3925268964187849
2025-03-28,-3.5704833212183233
2025-03-31,-1.6797411271064033
2025-04-01,3.525624951763979
2025-04-02,5.189662060946535
2025-04-03,-5.630172235818194
2025-04-04,-11.003572551557191
2025-04-07,-2.597878190231111
2025-04-08,-5.023573100190582
2025-04-09,20.44905800016012
2025-04-10,-7.552202857803938
2025-04-11,-0.03566259450701537
2025-04-14,0.01585564329067164
2025-04-15,0.6950209565496566
2025-04-16,-5.0690742903996835
2025-04-17,-0.07454979855451015
2025-04-21,-5.918076725792798
2025-04-22,4.499438204493094
2025-04-23,5.227194715975201
2025-04-24,3.437870754426389
2025-04-25,9.351849398026001
2025-04-28,0.32583903115033575
2025-04-29,2.1284373105168934
2025-04-30,-3.438223363024816
2025-05-01,-0.5829314402079844
2025-05-02,2.356864125337387
2025-05-05,-2.449584717098271
2025-05-06,-1.7674740712066432
2025-05-07,0.31546161942166073
2025-05-08,3.0659773437438274
2025-05-09,4.610819457008693
2025-05-12,6.528003118679685
2025-05-13,4.810492051681205
2025-05-14,3.99319216619113
2025-05-15,-1.407694599861275
2025-05-16,2.067049194137347
2025-05-19,-2.280219175263177
2025-05-20,0.5044436283555748
2025-05-21,-2.7122740878422213
2025-05-22,1.9004252475032086
2025-05-23,-0.49972536895028474
2025-05-27,6.709725458197968
2025-05-28,-1.6644185010272463
2025-05-29,0.42777491260106126
2025-05-30,-3.3966015333374218
2025-06-02,-1.0941091649071495
2025-06-03,0.45999457840196045
2025-06-04,-3.614067809813415
2025-06-05,-15.384948606327908
2025-06-06,3.6013832506655294
2025-06-09,4.453121583281344
2025-06-10,5.519232015438431
2025-06-11,0.10421025390305667
2025-06-12,-2.267968316605234
2025-06-13,1.9242741328905937
2025-06-16,1.167425797647222
2025-06-17,-3.960360944657592
2025-06-18,1.7857560202303198
2025-06-20,0.03415528218108867
2025-06-23,7.910624722725408
2025-06-24,-2.3827555571310417
2025-06-25,-3.868634165630777
2025-06-26,-0.5418374727754274
2025-06-27,-0.6621400161764133
2025-06-30,-1.861926308527601
2025-07-01,-5.48353231730864
2025-07-02,4.848766871497916
2025-07-03,-0.09508330128998893
2025-07-07,-7.030747928005848
2025-07-08,1.3080017887538435
2025-07-09,-0.6501707849529536
2025-07-10,4.61988557066904
2025-07-11,1.167844971117151
2025-07-14,1.0754958796599732
2025-07-15,-1.950098500608752
2025-07-16,3.444095462458378
2025-07-17,-0.7050661595447646
2025-07-18,3.1555911584314185
2025-07-21,-0.35251007119927247
2025-07-22,1.095982890222329
2025-07-23,0.13540923687315548
2025-07-24,-8.552542784602506
2025-07-25,3.463720149934859
2025-07-28,2.9706848621968116
2025-07-29,-1.3574889801361278
2025-07-30,-0.6747506520358081
2025-07-31,-3.434052685502853
2025-08-01,-1.846503334703954
2025-08-04,2.167142527004271
2025-08-05,-0.17476574412364776
2025-08-06,3.5604996499443065
2025-08-07,0.7349951735303974
2025-08-08,2.2641797625980327
2025-08-11,2.805712839542427
2025-08-12,0.5324552775796538
2025-08-13,-0.4292710283261014
2025-08-14,-1.1260099884090402
2025-08-15,-1.507215950243278
2025-08-18,1.3819862125930686
2025-08-19,-1.760849171790429
2025-08-20,-1.6564741620176275
2025-08-21,-1.1770166368817137
2025-08-22,6.031041669933769
2025-08-25,1.9196337227210383
2025-08-26,1.452187916170169
2025-08-27,-0.5903612812939927
2025-08-28,-1.0408659566889222
2025-08-29,-3.56293206445078
2025-09-02,-1.360034804236362
2025-09-03,1.4259073808795026
2025-09-04,1.320230431684188
2025-09-05,3.5717557533237443
2025-09-08,-1.27361095766315
2025-09-09,0.16441653277190815
2025-09-10,0.23605495234688204
2025-09-11,5.8682725742992154
2025-09-12,7.098109112687583
2025-09-15,3.499204596495332
2025-09-16,2.7849686096646824
2025-09-17,1.0006196509857017
2025-09-18,-2.1384159862326837
2025-09-19,2.1877209710827494
2025-09-22,1.892459915165659
2025-09-23,-1.9441082441463449
2025-09-24,3.900845039857305
2025-09-25,-4.480186162620923
2025-09-26,3.938961629749567
2025-09-29,0.6360288086303643
2025-09-30,0.3401194314293033
2025-10-01,3.260699487618123
2025-10-02,-5.240962491724114
2025-10-03,-1.4252492909231236
2025-10-06,5.305409919515741
2025-10-07,-4.549829949251959
2025-10-08,1.2847468714676435
2025-10-09,-0.7206358713169481
2025-10-10,-5.195335338705128
2025-10-13,5.277953848534963
2025-10-14,-1.539666493428667
2025-10-15,1.3674604901329142
2025-10-16,-1.4816786729139184
2025-10-17,2.4331310172500658
2025-10-20,1.831477587612344
2025-10-21,-1.0853643121685475
2025-10-22,-0.823536501601069
2025-10-23,2.2547291398770954
2025-10-24,-3.457920037137167
2025-10-27,4.221181419101049
2025-10-28,1.781041931942368
2025-10-29,0.20823424117692893
2025-10-30,-4.750175565516029
2025-10-31,3.671813319553837
2025-11-03,2.553845054386238
2025-11-04,-5.2848572813666
2025-11-05,3.9306411995623605
2025-11-06,-3.5599264459215214
2025-11-07,-3.744886561150212
2025-11-10,3.592274671529928
2025-11-11,-1.268032095842644
2025-11-12,-2.073110718832734
2025-11-13,-6.875241071018367
2025-11-14,0.5853666241942873
2025-11-17,1.1238716089416034
2025-11-18,-1.893489628165649
2025-11-19,0.6805426562391662
2025-11-20,-2.192219928551654
2025-11-21,-1.0530198558583292
2025-11-24,6.60172720981127
2025-11-25,0.38701286542193547
2025-11-26,1.6974787220379934
2025-11-28,0.8380619474776033
2025-12-01,-0.006973946212413479
2025-12-02,-0.20945908399217084
2025-12-03,3.9960567737700377
2025-12-04,1.7287167308555624
2025-12-05,0.10335035967348669
2025-12-08,-3.447772390855956
2025-12-09,1.2636566806914387
2025-12-10,1.4008389943791177
2025-12-11,-1.0152139695978488
2025-12-12,2.6650529578487583
2025-12-15,3.5004175930156527
2025-12-16,3.0193255514689152
2025-12-17,-4.727460429487326
2025-12-18,3.3896527010912605
2025-12-19,-0.44993863680712526
2025-12-22,1.5527202757108984
2025-12-23,-0.6507353223946919
2025-12-24,-0.03295782832779731
2025-12-26,-2.1258551524587372
2025-12-29,-3.3271122934912736
2025-12-30,-1.1399736021774638
2025-12-31,-1.041870064110701
2026-01-02,-2.6246437918020935
2026-01-05,3.0573122743440653
2026-01-06,-4.230652917497186
2026-01-07,-0.3586402728205757
2026-01-08,1.0124471981728842
2026-01-09,2.091338126870214
2026-01-12,0.8837002112799671
2026-01-13,-0.3927828743923325
2026-01-14,-1.8051031148363035
2026-01-15,-0.14354670972459707
2026-01-16,-0.2442745094192464
2026-01-20,-4.260930509435087
2026-01-21,2.866105598439217
2026-01-22,4.069585893802081
2026-01-23,-0.06678119583802994
2026-01-26,-3.135078007637361
2026-01-27,-0.992969313376057
2026-01-28,0.12987560805733547
2026-01-29,-3.51442835440217
2026-01-30,3.2707748293060876
2026-02-02,-2.018328139266714
2026-02-03,0.03555326688964158
2026-02-04,-3.8532688670109687
2026-02-05,-2.191272731756527
2026-02-06,3.439569638292661
2026-02-09,1.4992548192064117
2026-02-10,1.8729813289406216
2026-02-11,0.7170667714086594
2026-02-12,-2.649972117437709
2026-02-13,0.08867362574486323
2026-02-17,-1.6448249621048447
2026-02-18,0.16789405517192607
2026-02-19,0.09476790897650401
2026-02-20,0.02671812076262355
2026-02-23,-2.954695527872496
2026-02-24,2.360440879644665
2026-02-25,1.940114803767631
2026-02-26,-2.1357279325286553
2026-02-27,-1.4967735162802964
2026-03-02,0.20103441525256785
2026-03-03,-2.7372150980348144
2026-03-04,3.384721273919843
2026-03-05,-0.09612310272732899
2026-03-06,-2.198816416611505
2026-03-09,0.4903095477786746
2026-03-10,0.14036436297641278
2026-03-11,2.1263203188193835
2026-03-12,-3.191481278720455
2026-03-13,-0.9692136394107544
2026-03-16,1.1083506865035426
2026-03-17,0.9335376020772039
2026-03-18,-1.6388196671314648
2026-03-19,-3.2289272743434343
2026-03-20,-3.2986169449252394
2026-03-23,3.4431399458296883
2026-03-24,0.5707699063017405
2026-03-25,0.7594547116542857
2026-03-26,-3.6518388902706036
2026-03-27,-2.80150189690427
2026-03-30,-1.8268243604687584
2026-03-31,4.531537779230799
2026-04-01,2.525999735964806
2026-04-02,-5.574001402961767
2026-04-06,-2.1783536042954785
2026-04-07,-1.7642424845982325
2026-04-08,-0.9856563133277247
2026-04-09,0.6880846850074371
2026-04-10,0.9588788947183923
2026-04-13,0.989500379675574
2026-04-14,3.287951656879672
2026-04-15,7.343111096819792
2026-04-16,-0.781208631169376
2026-04-17,2.96911094422974
2026-04-20,-2.047679768722958
2026-04-21,-1.5611641640159502
2026-04-22,0.28167845306925576
2026-04-23,-3.623482292188371
2026-04-24,0.6879807968652782
2026-04-27,0.6278483691631966
2026-04-28,-0.7022844604162197
2026-04-29,-0.8600254179981803
2026-04-30,2.34095155636003
2026-05-01,2.3795549041588546
2026-05-04,0.4314924812415244
2026-05-05,-0.8032003657369561
2026-05-06,2.3754487827164996
2026-05-07,3.222900776203085
2026-05-08,3.942710124226755
2026-05-11,3.8133649507288983
2026-05-12,-2.6297804689101207
2026-05-13,2.6904337595479344
2026-05-14,-0.4434100858338261
2026-05-15,-4.867286458740455
2026-05-18,-2.9441104289050233
2026-05-19,-1.4445663458309574
2026-05-20,3.202247022638431
2026-05-21,0.14129789484986274
